"speaker","emotion","ceiling","floor","corpus","key"
"DF","ANG",486,60,"PELL","DF_ANG"
"DF","DIS",314,60,"PELL","DF_DIS"
"DF","FER",351,60,"PELL","DF_FER"
"DF","HAP",223,60,"PELL","DF_HAP"
"DF","NEU",168,60,"PELL","DF_NEU"
"DF","SAD",287,60,"PELL","DF_SAD"
"DF","SUR",682,60,"PELL","DF_SUR"
"MG","ANG",287,60,"PELL","MG_ANG"
"MG","DIS",287,60,"PELL","MG_DIS"
"MG","FER",324,60,"PELL","MG_FER"
"MG","HAP",276,60,"PELL","MG_HAP"
"MG","NEU",166,60,"PELL","MG_NEU"
"MG","SAD",227,60,"PELL","MG_SAD"
"MG","SUR",686,60,"PELL","MG_SUR"
"NA","ANG",429,100,"PELL","NA_ANG"
"NA","DIS",393,100,"PELL","NA_DIS"
"NA","FER",456,100,"PELL","NA_FER"
"NA","HAP",475,100,"PELL","NA_HAP"
"NA","NEU",325,100,"PELL","NA_NEU"
"NA","SAD",441,100,"PELL","NA_SAD"
"NA","SUR",794,100,"PELL","NA_SUR"
"SL","ANG",346,100,"PELL","SL_ANG"
"SL","DIS",366,100,"PELL","SL_DIS"
"SL","FER",441,100,"PELL","SL_FER"
"SL","HAP",353,100,"PELL","SL_HAP"
"SL","NEU",320,100,"PELL","SL_NEU"
"SL","SAD",425,100,"PELL","SL_SAD"
"SL","SUR",626,100,"PELL","SL_SUR"
"AA","ANG",375,60,"CREMA-D","AA_ANG"
"AA","DIS",349,60,"CREMA-D","AA_DIS"
"AA","FER",341,60,"CREMA-D","AA_FER"
"AA","HAP",419,60,"CREMA-D","AA_HAP"
"AA","NEU",301,60,"CREMA-D","AA_NEU"
"AA","SAD",287,60,"CREMA-D","AA_SAD"
"AB","ANG",640,60,"CREMA-D","AB_ANG"
"AB","DIS",642,60,"CREMA-D","AB_DIS"
"AB","FER",495,60,"CREMA-D","AB_FER"
"AB","HAP",624,60,"CREMA-D","AB_HAP"
"AB","NEU",433,60,"CREMA-D","AB_NEU"
"AB","SAD",383,60,"CREMA-D","AB_SAD"
"AC","ANG",605,60,"CREMA-D","AC_ANG"
"AC","DIS",333,60,"CREMA-D","AC_DIS"
"AC","FER",435,60,"CREMA-D","AC_FER"
"AC","HAP",409,60,"CREMA-D","AC_HAP"
"AC","NEU",360,60,"CREMA-D","AC_NEU"
"AC","SAD",377,60,"CREMA-D","AC_SAD"
"AD","ANG",557,60,"CREMA-D","AD_ANG"
"AD","DIS",369,60,"CREMA-D","AD_DIS"
"AD","FER",385,60,"CREMA-D","AD_FER"
"AD","HAP",473,60,"CREMA-D","AD_HAP"
"AD","NEU",329,60,"CREMA-D","AD_NEU"
"AD","SAD",384,60,"CREMA-D","AD_SAD"
"AE","ANG",436,60,"CREMA-D","AE_ANG"
"AE","DIS",347,60,"CREMA-D","AE_DIS"
"AE","FER",342,60,"CREMA-D","AE_FER"
"AE","HAP",363,60,"CREMA-D","AE_HAP"
"AE","NEU",259,60,"CREMA-D","AE_NEU"
"AE","SAD",242,60,"CREMA-D","AE_SAD"
"AF","ANG",587,60,"CREMA-D","AF_ANG"
"AF","DIS",375,60,"CREMA-D","AF_DIS"
"AF","FER",399,60,"CREMA-D","AF_FER"
"AF","HAP",575,60,"CREMA-D","AF_HAP"
"AF","NEU",338,60,"CREMA-D","AF_NEU"
"AF","SAD",405,60,"CREMA-D","AF_SAD"
"AG","ANG",500,60,"CREMA-D","AG_ANG"
"AG","DIS",347,60,"CREMA-D","AG_DIS"
"AG","FER",366,60,"CREMA-D","AG_FER"
"AG","HAP",391,60,"CREMA-D","AG_HAP"
"AG","NEU",316,60,"CREMA-D","AG_NEU"
"AG","SAD",324,60,"CREMA-D","AG_SAD"
"AH","ANG",577,100,"CREMA-D","AH_ANG"
"AH","DIS",500,100,"CREMA-D","AH_DIS"
"AH","FER",577,100,"CREMA-D","AH_FER"
"AH","HAP",626,100,"CREMA-D","AH_HAP"
"AH","NEU",360,100,"CREMA-D","AH_NEU"
"AH","SAD",442,100,"CREMA-D","AH_SAD"
"AI","ANG",674,60,"CREMA-D","AI_ANG"
"AI","DIS",410,60,"CREMA-D","AI_DIS"
"AI","FER",709,60,"CREMA-D","AI_FER"
"AI","HAP",571,60,"CREMA-D","AI_HAP"
"AI","NEU",376,60,"CREMA-D","AI_NEU"
"AI","SAD",367,60,"CREMA-D","AI_SAD"
"AJ","ANG",534,60,"CREMA-D","AJ_ANG"
"AJ","DIS",375,60,"CREMA-D","AJ_DIS"
"AJ","FER",599,60,"CREMA-D","AJ_FER"
"AJ","HAP",579,60,"CREMA-D","AJ_HAP"
"AJ","NEU",381,60,"CREMA-D","AJ_NEU"
"AJ","SAD",371,60,"CREMA-D","AJ_SAD"
"AK","ANG",405,60,"CREMA-D","AK_ANG"
"AK","DIS",312,60,"CREMA-D","AK_DIS"
"AK","FER",300,60,"CREMA-D","AK_FER"
"AK","HAP",271,60,"CREMA-D","AK_HAP"
"AK","NEU",273,60,"CREMA-D","AK_NEU"
"AK","SAD",253,60,"CREMA-D","AK_SAD"
"AL","ANG",399,60,"CREMA-D","AL_ANG"
"AL","DIS",370,60,"CREMA-D","AL_DIS"
"AL","FER",452,60,"CREMA-D","AL_FER"
"AL","HAP",415,60,"CREMA-D","AL_HAP"
"AL","NEU",376,60,"CREMA-D","AL_NEU"
"AL","SAD",385,60,"CREMA-D","AL_SAD"
"AM","ANG",603,60,"CREMA-D","AM_ANG"
"AM","DIS",440,60,"CREMA-D","AM_DIS"
"AM","FER",402,60,"CREMA-D","AM_FER"
"AM","HAP",622,60,"CREMA-D","AM_HAP"
"AM","NEU",344,60,"CREMA-D","AM_NEU"
"AM","SAD",358,60,"CREMA-D","AM_SAD"
"AN","ANG",333,60,"CREMA-D","AN_ANG"
"AN","DIS",298,60,"CREMA-D","AN_DIS"
"AN","FER",321,60,"CREMA-D","AN_FER"
"AN","HAP",327,60,"CREMA-D","AN_HAP"
"AN","NEU",296,60,"CREMA-D","AN_NEU"
"AN","SAD",408,60,"CREMA-D","AN_SAD"
"AO","ANG",383,60,"CREMA-D","AO_ANG"
"AO","DIS",338,60,"CREMA-D","AO_DIS"
"AO","FER",323,60,"CREMA-D","AO_FER"
"AO","HAP",380,60,"CREMA-D","AO_HAP"
"AO","NEU",262,60,"CREMA-D","AO_NEU"
"AO","SAD",277,60,"CREMA-D","AO_SAD"
"AP","ANG",382,60,"CREMA-D","AP_ANG"
"AP","DIS",422,60,"CREMA-D","AP_DIS"
"AP","FER",354,60,"CREMA-D","AP_FER"
"AP","HAP",370,60,"CREMA-D","AP_HAP"
"AP","NEU",316,60,"CREMA-D","AP_NEU"
"AP","SAD",317,60,"CREMA-D","AP_SAD"
"AQ","ANG",339,60,"CREMA-D","AQ_ANG"
"AQ","DIS",322,60,"CREMA-D","AQ_DIS"
"AQ","FER",297,60,"CREMA-D","AQ_FER"
"AQ","HAP",418,60,"CREMA-D","AQ_HAP"
"AQ","NEU",267,60,"CREMA-D","AQ_NEU"
"AQ","SAD",284,60,"CREMA-D","AQ_SAD"
"AR","ANG",429,60,"CREMA-D","AR_ANG"
"AR","DIS",332,60,"CREMA-D","AR_DIS"
"AR","FER",417,60,"CREMA-D","AR_FER"
"AR","HAP",500,60,"CREMA-D","AR_HAP"
"AR","NEU",339,60,"CREMA-D","AR_NEU"
"AR","SAD",332,60,"CREMA-D","AR_SAD"
"AS","ANG",312,60,"CREMA-D","AS_ANG"
"AS","DIS",285,60,"CREMA-D","AS_DIS"
"AS","FER",269,60,"CREMA-D","AS_FER"
"AS","HAP",358,60,"CREMA-D","AS_HAP"
"AS","NEU",279,60,"CREMA-D","AS_NEU"
"AS","SAD",257,60,"CREMA-D","AS_SAD"
"AT","ANG",380,60,"CREMA-D","AT_ANG"
"AT","DIS",311,60,"CREMA-D","AT_DIS"
"AT","FER",417,60,"CREMA-D","AT_FER"
"AT","HAP",539,60,"CREMA-D","AT_HAP"
"AT","NEU",292,60,"CREMA-D","AT_NEU"
"AT","SAD",347,60,"CREMA-D","AT_SAD"
"AU","ANG",406,60,"CREMA-D","AU_ANG"
"AU","DIS",332,60,"CREMA-D","AU_DIS"
"AU","FER",387,60,"CREMA-D","AU_FER"
"AU","HAP",375,60,"CREMA-D","AU_HAP"
"AU","NEU",331,60,"CREMA-D","AU_NEU"
"AU","SAD",326,60,"CREMA-D","AU_SAD"
"AV","ANG",413,60,"CREMA-D","AV_ANG"
"AV","DIS",385,60,"CREMA-D","AV_DIS"
"AV","FER",256,60,"CREMA-D","AV_FER"
"AV","HAP",462,60,"CREMA-D","AV_HAP"
"AV","NEU",348,60,"CREMA-D","AV_NEU"
"AV","SAD",310,60,"CREMA-D","AV_SAD"
"AW","ANG",376,60,"CREMA-D","AW_ANG"
"AW","DIS",298,60,"CREMA-D","AW_DIS"
"AW","FER",347,60,"CREMA-D","AW_FER"
"AW","HAP",403,60,"CREMA-D","AW_HAP"
"AW","NEU",241,60,"CREMA-D","AW_NEU"
"AW","SAD",236,60,"CREMA-D","AW_SAD"
"AX","ANG",442,60,"CREMA-D","AX_ANG"
"AX","DIS",390,60,"CREMA-D","AX_DIS"
"AX","FER",468,60,"CREMA-D","AX_FER"
"AX","HAP",488,60,"CREMA-D","AX_HAP"
"AX","NEU",333,60,"CREMA-D","AX_NEU"
"AX","SAD",378,60,"CREMA-D","AX_SAD"
"AY","ANG",461,60,"CREMA-D","AY_ANG"
"AY","DIS",309,60,"CREMA-D","AY_DIS"
"AY","FER",399,60,"CREMA-D","AY_FER"
"AY","HAP",485,60,"CREMA-D","AY_HAP"
"AY","NEU",315,60,"CREMA-D","AY_NEU"
"AY","SAD",311,60,"CREMA-D","AY_SAD"
"AZ","ANG",390,60,"CREMA-D","AZ_ANG"
"AZ","DIS",414,60,"CREMA-D","AZ_DIS"
"AZ","FER",452,60,"CREMA-D","AZ_FER"
"AZ","HAP",397,60,"CREMA-D","AZ_HAP"
"AZ","NEU",218,60,"CREMA-D","AZ_NEU"
"AZ","SAD",270,60,"CREMA-D","AZ_SAD"
"BA","ANG",412,60,"CREMA-D","BA_ANG"
"BA","DIS",300,60,"CREMA-D","BA_DIS"
"BA","FER",299,60,"CREMA-D","BA_FER"
"BA","HAP",450,60,"CREMA-D","BA_HAP"
"BA","NEU",247,60,"CREMA-D","BA_NEU"
"BA","SAD",268,60,"CREMA-D","BA_SAD"
"BB","ANG",519,60,"CREMA-D","BB_ANG"
"BB","DIS",355,60,"CREMA-D","BB_DIS"
"BB","FER",669,60,"CREMA-D","BB_FER"
"BB","HAP",784,60,"CREMA-D","BB_HAP"
"BB","NEU",331,60,"CREMA-D","BB_NEU"
"BB","SAD",559,60,"CREMA-D","BB_SAD"
"BC","ANG",536,100,"CREMA-D","BC_ANG"
"BC","DIS",443,100,"CREMA-D","BC_DIS"
"BC","FER",783,100,"CREMA-D","BC_FER"
"BC","HAP",627,100,"CREMA-D","BC_HAP"
"BC","NEU",361,100,"CREMA-D","BC_NEU"
"BC","SAD",547,100,"CREMA-D","BC_SAD"
"BD","ANG",434,60,"CREMA-D","BD_ANG"
"BD","DIS",372,60,"CREMA-D","BD_DIS"
"BD","FER",456,60,"CREMA-D","BD_FER"
"BD","HAP",482,60,"CREMA-D","BD_HAP"
"BD","NEU",281,60,"CREMA-D","BD_NEU"
"BD","SAD",262,60,"CREMA-D","BD_SAD"
"BE","ANG",408,60,"CREMA-D","BE_ANG"
"BE","DIS",332,60,"CREMA-D","BE_DIS"
"BE","FER",321,60,"CREMA-D","BE_FER"
"BE","HAP",411,60,"CREMA-D","BE_HAP"
"BE","NEU",323,60,"CREMA-D","BE_NEU"
"BE","SAD",227,60,"CREMA-D","BE_SAD"
"BF","ANG",517,60,"CREMA-D","BF_ANG"
"BF","DIS",376,60,"CREMA-D","BF_DIS"
"BF","FER",358,60,"CREMA-D","BF_FER"
"BF","HAP",549,60,"CREMA-D","BF_HAP"
"BF","NEU",289,60,"CREMA-D","BF_NEU"
"BF","SAD",250,60,"CREMA-D","BF_SAD"
"BG","ANG",350,60,"CREMA-D","BG_ANG"
"BG","DIS",247,60,"CREMA-D","BG_DIS"
"BG","FER",322,60,"CREMA-D","BG_FER"
"BG","HAP",321,60,"CREMA-D","BG_HAP"
"BG","NEU",304,60,"CREMA-D","BG_NEU"
"BG","SAD",269,60,"CREMA-D","BG_SAD"
"BH","ANG",309,60,"CREMA-D","BH_ANG"
"BH","DIS",343,60,"CREMA-D","BH_DIS"
"BH","FER",315,60,"CREMA-D","BH_FER"
"BH","HAP",523,60,"CREMA-D","BH_HAP"
"BH","NEU",224,60,"CREMA-D","BH_NEU"
"BH","SAD",253,60,"CREMA-D","BH_SAD"
"BI","ANG",410,60,"CREMA-D","BI_ANG"
"BI","DIS",404,60,"CREMA-D","BI_DIS"
"BI","FER",399,60,"CREMA-D","BI_FER"
"BI","HAP",543,60,"CREMA-D","BI_HAP"
"BI","NEU",237,60,"CREMA-D","BI_NEU"
"BI","SAD",241,60,"CREMA-D","BI_SAD"
"BJ","ANG",440,60,"CREMA-D","BJ_ANG"
"BJ","DIS",453,60,"CREMA-D","BJ_DIS"
"BJ","FER",385,60,"CREMA-D","BJ_FER"
"BJ","HAP",440,60,"CREMA-D","BJ_HAP"
"BJ","NEU",290,60,"CREMA-D","BJ_NEU"
"BJ","SAD",346,60,"CREMA-D","BJ_SAD"
"BK","ANG",397,60,"CREMA-D","BK_ANG"
"BK","DIS",355,60,"CREMA-D","BK_DIS"
"BK","FER",451,60,"CREMA-D","BK_FER"
"BK","HAP",612,60,"CREMA-D","BK_HAP"
"BK","NEU",270,60,"CREMA-D","BK_NEU"
"BK","SAD",416,60,"CREMA-D","BK_SAD"
"BL","ANG",364,60,"CREMA-D","BL_ANG"
"BL","DIS",331,60,"CREMA-D","BL_DIS"
"BL","FER",459,60,"CREMA-D","BL_FER"
"BL","HAP",432,60,"CREMA-D","BL_HAP"
"BL","NEU",280,60,"CREMA-D","BL_NEU"
"BL","SAD",225,60,"CREMA-D","BL_SAD"
"BM","ANG",469,60,"CREMA-D","BM_ANG"
"BM","DIS",289,60,"CREMA-D","BM_DIS"
"BM","FER",302,60,"CREMA-D","BM_FER"
"BM","HAP",460,60,"CREMA-D","BM_HAP"
"BM","NEU",208,60,"CREMA-D","BM_NEU"
"BM","SAD",225,60,"CREMA-D","BM_SAD"
"BN","ANG",383,60,"CREMA-D","BN_ANG"
"BN","DIS",291,60,"CREMA-D","BN_DIS"
"BN","FER",338,60,"CREMA-D","BN_FER"
"BN","HAP",328,60,"CREMA-D","BN_HAP"
"BN","NEU",233,60,"CREMA-D","BN_NEU"
"BN","SAD",243,60,"CREMA-D","BN_SAD"
"BO","ANG",407,60,"CREMA-D","BO_ANG"
"BO","DIS",236,60,"CREMA-D","BO_DIS"
"BO","FER",217,60,"CREMA-D","BO_FER"
"BO","HAP",291,60,"CREMA-D","BO_HAP"
"BO","NEU",208,60,"CREMA-D","BO_NEU"
"BO","SAD",210,60,"CREMA-D","BO_SAD"
"BP","ANG",330,60,"CREMA-D","BP_ANG"
"BP","DIS",236,60,"CREMA-D","BP_DIS"
"BP","FER",363,60,"CREMA-D","BP_FER"
"BP","HAP",388,60,"CREMA-D","BP_HAP"
"BP","NEU",249,60,"CREMA-D","BP_NEU"
"BP","SAD",247,60,"CREMA-D","BP_SAD"
"BQ","ANG",495,100,"CREMA-D","BQ_ANG"
"BQ","DIS",331,100,"CREMA-D","BQ_DIS"
"BQ","FER",458,100,"CREMA-D","BQ_FER"
"BQ","HAP",479,100,"CREMA-D","BQ_HAP"
"BQ","NEU",370,100,"CREMA-D","BQ_NEU"
"BQ","SAD",330,100,"CREMA-D","BQ_SAD"
"BR","ANG",427,60,"CREMA-D","BR_ANG"
"BR","DIS",316,60,"CREMA-D","BR_DIS"
"BR","FER",362,60,"CREMA-D","BR_FER"
"BR","HAP",325,60,"CREMA-D","BR_HAP"
"BR","NEU",206,60,"CREMA-D","BR_NEU"
"BR","SAD",233,60,"CREMA-D","BR_SAD"
"BS","ANG",394,60,"CREMA-D","BS_ANG"
"BS","DIS",249,60,"CREMA-D","BS_DIS"
"BS","FER",323,60,"CREMA-D","BS_FER"
"BS","HAP",422,60,"CREMA-D","BS_HAP"
"BS","NEU",279,60,"CREMA-D","BS_NEU"
"BS","SAD",271,60,"CREMA-D","BS_SAD"
"BT","ANG",437,60,"CREMA-D","BT_ANG"
"BT","DIS",344,60,"CREMA-D","BT_DIS"
"BT","FER",607,60,"CREMA-D","BT_FER"
"BT","HAP",603,60,"CREMA-D","BT_HAP"
"BT","NEU",375,60,"CREMA-D","BT_NEU"
"BT","SAD",305,60,"CREMA-D","BT_SAD"
"BU","ANG",476,60,"CREMA-D","BU_ANG"
"BU","DIS",346,60,"CREMA-D","BU_DIS"
"BU","FER",581,60,"CREMA-D","BU_FER"
"BU","HAP",544,60,"CREMA-D","BU_HAP"
"BU","NEU",373,60,"CREMA-D","BU_NEU"
"BU","SAD",338,60,"CREMA-D","BU_SAD"
"BV","ANG",422,60,"CREMA-D","BV_ANG"
"BV","DIS",442,60,"CREMA-D","BV_DIS"
"BV","FER",362,60,"CREMA-D","BV_FER"
"BV","HAP",393,60,"CREMA-D","BV_HAP"
"BV","NEU",319,60,"CREMA-D","BV_NEU"
"BV","SAD",325,60,"CREMA-D","BV_SAD"
"BW","ANG",438,100,"CREMA-D","BW_ANG"
"BW","DIS",414,100,"CREMA-D","BW_DIS"
"BW","FER",540,100,"CREMA-D","BW_FER"
"BW","HAP",566,100,"CREMA-D","BW_HAP"
"BW","NEU",322,100,"CREMA-D","BW_NEU"
"BW","SAD",312,100,"CREMA-D","BW_SAD"
"BX","ANG",520,60,"CREMA-D","BX_ANG"
"BX","DIS",301,60,"CREMA-D","BX_DIS"
"BX","FER",399,60,"CREMA-D","BX_FER"
"BX","HAP",396,60,"CREMA-D","BX_HAP"
"BX","NEU",226,60,"CREMA-D","BX_NEU"
"BX","SAD",211,60,"CREMA-D","BX_SAD"
"BY","ANG",378,60,"CREMA-D","BY_ANG"
"BY","DIS",332,60,"CREMA-D","BY_DIS"
"BY","FER",347,60,"CREMA-D","BY_FER"
"BY","HAP",391,60,"CREMA-D","BY_HAP"
"BY","NEU",241,60,"CREMA-D","BY_NEU"
"BY","SAD",184,60,"CREMA-D","BY_SAD"
"BZ","ANG",485,60,"CREMA-D","BZ_ANG"
"BZ","DIS",309,60,"CREMA-D","BZ_DIS"
"BZ","FER",416,60,"CREMA-D","BZ_FER"
"BZ","HAP",428,60,"CREMA-D","BZ_HAP"
"BZ","NEU",297,60,"CREMA-D","BZ_NEU"
"BZ","SAD",300,60,"CREMA-D","BZ_SAD"
"CA","ANG",540,100,"CREMA-D","CA_ANG"
"CA","DIS",392,100,"CREMA-D","CA_DIS"
"CA","FER",571,100,"CREMA-D","CA_FER"
"CA","HAP",449,100,"CREMA-D","CA_HAP"
"CA","NEU",383,100,"CREMA-D","CA_NEU"
"CA","SAD",341,100,"CREMA-D","CA_SAD"
"CB","ANG",521,60,"CREMA-D","CB_ANG"
"CB","DIS",397,60,"CREMA-D","CB_DIS"
"CB","FER",452,60,"CREMA-D","CB_FER"
"CB","HAP",610,60,"CREMA-D","CB_HAP"
"CB","NEU",332,60,"CREMA-D","CB_NEU"
"CB","SAD",400,60,"CREMA-D","CB_SAD"
"CC","ANG",614,60,"CREMA-D","CC_ANG"
"CC","DIS",343,60,"CREMA-D","CC_DIS"
"CC","FER",977,60,"CREMA-D","CC_FER"
"CC","HAP",661,60,"CREMA-D","CC_HAP"
"CC","NEU",314,60,"CREMA-D","CC_NEU"
"CC","SAD",299,60,"CREMA-D","CC_SAD"
"CD","ANG",411,60,"CREMA-D","CD_ANG"
"CD","DIS",376,60,"CREMA-D","CD_DIS"
"CD","FER",470,60,"CREMA-D","CD_FER"
"CD","HAP",417,60,"CREMA-D","CD_HAP"
"CD","NEU",247,60,"CREMA-D","CD_NEU"
"CD","SAD",263,60,"CREMA-D","CD_SAD"
"CE","ANG",428,60,"CREMA-D","CE_ANG"
"CE","DIS",431,60,"CREMA-D","CE_DIS"
"CE","FER",272,60,"CREMA-D","CE_FER"
"CE","HAP",359,60,"CREMA-D","CE_HAP"
"CE","NEU",257,60,"CREMA-D","CE_NEU"
"CE","SAD",252,60,"CREMA-D","CE_SAD"
"CF","ANG",539,60,"CREMA-D","CF_ANG"
"CF","DIS",370,60,"CREMA-D","CF_DIS"
"CF","FER",672,60,"CREMA-D","CF_FER"
"CF","HAP",473,60,"CREMA-D","CF_HAP"
"CF","NEU",354,60,"CREMA-D","CF_NEU"
"CF","SAD",375,60,"CREMA-D","CF_SAD"
"CG","ANG",487,60,"CREMA-D","CG_ANG"
"CG","DIS",338,60,"CREMA-D","CG_DIS"
"CG","FER",516,60,"CREMA-D","CG_FER"
"CG","HAP",468,60,"CREMA-D","CG_HAP"
"CG","NEU",272,60,"CREMA-D","CG_NEU"
"CG","SAD",321,60,"CREMA-D","CG_SAD"
"CH","ANG",381,60,"CREMA-D","CH_ANG"
"CH","DIS",319,60,"CREMA-D","CH_DIS"
"CH","FER",372,60,"CREMA-D","CH_FER"
"CH","HAP",501,60,"CREMA-D","CH_HAP"
"CH","NEU",278,60,"CREMA-D","CH_NEU"
"CH","SAD",313,60,"CREMA-D","CH_SAD"
"CI","ANG",449,60,"CREMA-D","CI_ANG"
"CI","DIS",272,60,"CREMA-D","CI_DIS"
"CI","FER",434,60,"CREMA-D","CI_FER"
"CI","HAP",372,60,"CREMA-D","CI_HAP"
"CI","NEU",247,60,"CREMA-D","CI_NEU"
"CI","SAD",235,60,"CREMA-D","CI_SAD"
"CJ","ANG",387,60,"CREMA-D","CJ_ANG"
"CJ","DIS",247,60,"CREMA-D","CJ_DIS"
"CJ","FER",237,60,"CREMA-D","CJ_FER"
"CJ","HAP",275,60,"CREMA-D","CJ_HAP"
"CJ","NEU",163,60,"CREMA-D","CJ_NEU"
"CJ","SAD",173,60,"CREMA-D","CJ_SAD"
"CK","ANG",514,100,"CREMA-D","CK_ANG"
"CK","DIS",475,100,"CREMA-D","CK_DIS"
"CK","FER",536,100,"CREMA-D","CK_FER"
"CK","HAP",516,100,"CREMA-D","CK_HAP"
"CK","NEU",360,100,"CREMA-D","CK_NEU"
"CK","SAD",354,100,"CREMA-D","CK_SAD"
"CL","ANG",453,60,"CREMA-D","CL_ANG"
"CL","DIS",303,60,"CREMA-D","CL_DIS"
"CL","FER",429,60,"CREMA-D","CL_FER"
"CL","HAP",399,60,"CREMA-D","CL_HAP"
"CL","NEU",228,60,"CREMA-D","CL_NEU"
"CL","SAD",207,60,"CREMA-D","CL_SAD"
"CM","ANG",431,60,"CREMA-D","CM_ANG"
"CM","DIS",266,60,"CREMA-D","CM_DIS"
"CM","FER",257,60,"CREMA-D","CM_FER"
"CM","HAP",321,60,"CREMA-D","CM_HAP"
"CM","NEU",282,60,"CREMA-D","CM_NEU"
"CM","SAD",310,60,"CREMA-D","CM_SAD"
"CN","ANG",415,60,"CREMA-D","CN_ANG"
"CN","DIS",313,60,"CREMA-D","CN_DIS"
"CN","FER",206,60,"CREMA-D","CN_FER"
"CN","HAP",300,60,"CREMA-D","CN_HAP"
"CN","NEU",197,60,"CREMA-D","CN_NEU"
"CN","SAD",195,60,"CREMA-D","CN_SAD"
"CO","ANG",368,60,"CREMA-D","CO_ANG"
"CO","DIS",284,60,"CREMA-D","CO_DIS"
"CO","FER",351,60,"CREMA-D","CO_FER"
"CO","HAP",378,60,"CREMA-D","CO_HAP"
"CO","NEU",259,60,"CREMA-D","CO_NEU"
"CO","SAD",279,60,"CREMA-D","CO_SAD"
"CP","ANG",470,60,"CREMA-D","CP_ANG"
"CP","DIS",280,60,"CREMA-D","CP_DIS"
"CP","FER",222,60,"CREMA-D","CP_FER"
"CP","HAP",293,60,"CREMA-D","CP_HAP"
"CP","NEU",238,60,"CREMA-D","CP_NEU"
"CP","SAD",214,60,"CREMA-D","CP_SAD"
"CQ","ANG",355,60,"CREMA-D","CQ_ANG"
"CQ","DIS",281,60,"CREMA-D","CQ_DIS"
"CQ","FER",385,60,"CREMA-D","CQ_FER"
"CQ","HAP",431,60,"CREMA-D","CQ_HAP"
"CQ","NEU",284,60,"CREMA-D","CQ_NEU"
"CQ","SAD",256,60,"CREMA-D","CQ_SAD"
"CR","ANG",348,60,"CREMA-D","CR_ANG"
"CR","DIS",361,60,"CREMA-D","CR_DIS"
"CR","FER",321,60,"CREMA-D","CR_FER"
"CR","HAP",380,60,"CREMA-D","CR_HAP"
"CR","NEU",299,60,"CREMA-D","CR_NEU"
"CR","SAD",224,60,"CREMA-D","CR_SAD"
"CS","ANG",346,60,"CREMA-D","CS_ANG"
"CS","DIS",246,60,"CREMA-D","CS_DIS"
"CS","FER",272,60,"CREMA-D","CS_FER"
"CS","HAP",352,60,"CREMA-D","CS_HAP"
"CS","NEU",219,60,"CREMA-D","CS_NEU"
"CS","SAD",215,60,"CREMA-D","CS_SAD"
"CT","ANG",543,60,"CREMA-D","CT_ANG"
"CT","DIS",383,60,"CREMA-D","CT_DIS"
"CT","FER",647,60,"CREMA-D","CT_FER"
"CT","HAP",503,60,"CREMA-D","CT_HAP"
"CT","NEU",328,60,"CREMA-D","CT_NEU"
"CT","SAD",383,60,"CREMA-D","CT_SAD"
"CU","ANG",419,60,"CREMA-D","CU_ANG"
"CU","DIS",398,60,"CREMA-D","CU_DIS"
"CU","FER",323,60,"CREMA-D","CU_FER"
"CU","HAP",368,60,"CREMA-D","CU_HAP"
"CU","NEU",341,60,"CREMA-D","CU_NEU"
"CU","SAD",269,60,"CREMA-D","CU_SAD"
"CV","ANG",465,100,"CREMA-D","CV_ANG"
"CV","DIS",449,100,"CREMA-D","CV_DIS"
"CV","FER",477,100,"CREMA-D","CV_FER"
"CV","HAP",509,100,"CREMA-D","CV_HAP"
"CV","NEU",298,100,"CREMA-D","CV_NEU"
"CV","SAD",364,100,"CREMA-D","CV_SAD"
"CW","ANG",457,60,"CREMA-D","CW_ANG"
"CW","DIS",309,60,"CREMA-D","CW_DIS"
"CW","FER",422,60,"CREMA-D","CW_FER"
"CW","HAP",676,60,"CREMA-D","CW_HAP"
"CW","NEU",313,60,"CREMA-D","CW_NEU"
"CW","SAD",301,60,"CREMA-D","CW_SAD"
"CX","ANG",384,60,"CREMA-D","CX_ANG"
"CX","DIS",363,60,"CREMA-D","CX_DIS"
"CX","FER",401,60,"CREMA-D","CX_FER"
"CX","HAP",551,60,"CREMA-D","CX_HAP"
"CX","NEU",336,60,"CREMA-D","CX_NEU"
"CX","SAD",292,60,"CREMA-D","CX_SAD"
"CY","ANG",380,60,"CREMA-D","CY_ANG"
"CY","DIS",352,60,"CREMA-D","CY_DIS"
"CY","FER",243,60,"CREMA-D","CY_FER"
"CY","HAP",379,60,"CREMA-D","CY_HAP"
"CY","NEU",201,60,"CREMA-D","CY_NEU"
"CY","SAD",246,60,"CREMA-D","CY_SAD"
"CZ","ANG",534,100,"CREMA-D","CZ_ANG"
"CZ","DIS",497,100,"CREMA-D","CZ_DIS"
"CZ","FER",579,100,"CREMA-D","CZ_FER"
"CZ","HAP",682,100,"CREMA-D","CZ_HAP"
"CZ","NEU",417,100,"CREMA-D","CZ_NEU"
"CZ","SAD",364,100,"CREMA-D","CZ_SAD"
"DA","ANG",503,60,"CREMA-D","DA_ANG"
"DA","DIS",432,60,"CREMA-D","DA_DIS"
"DA","FER",1042,60,"CREMA-D","DA_FER"
"DA","HAP",760,60,"CREMA-D","DA_HAP"
"DA","NEU",359,60,"CREMA-D","DA_NEU"
"DA","SAD",371,60,"CREMA-D","DA_SAD"
"DB","ANG",370,60,"CREMA-D","DB_ANG"
"DB","DIS",241,60,"CREMA-D","DB_DIS"
"DB","FER",295,60,"CREMA-D","DB_FER"
"DB","HAP",346,60,"CREMA-D","DB_HAP"
"DB","NEU",231,60,"CREMA-D","DB_NEU"
"DB","SAD",229,60,"CREMA-D","DB_SAD"
"DC","ANG",365,60,"CREMA-D","DC_ANG"
"DC","DIS",299,60,"CREMA-D","DC_DIS"
"DC","FER",270,60,"CREMA-D","DC_FER"
"DC","HAP",439,60,"CREMA-D","DC_HAP"
"DC","NEU",239,60,"CREMA-D","DC_NEU"
"DC","SAD",223,60,"CREMA-D","DC_SAD"
"DD","ANG",504,100,"CREMA-D","DD_ANG"
"DD","DIS",379,100,"CREMA-D","DD_DIS"
"DD","FER",400,100,"CREMA-D","DD_FER"
"DD","HAP",610,100,"CREMA-D","DD_HAP"
"DD","NEU",412,100,"CREMA-D","DD_NEU"
"DD","SAD",353,100,"CREMA-D","DD_SAD"
"DE","ANG",234,60,"CREMA-D","DE_ANG"
"DE","DIS",200,60,"CREMA-D","DE_DIS"
"DE","FER",189,60,"CREMA-D","DE_FER"
"DE","HAP",312,60,"CREMA-D","DE_HAP"
"DE","NEU",182,60,"CREMA-D","DE_NEU"
"DE","SAD",173,60,"CREMA-D","DE_SAD"
"DF","ANG",338,60,"CREMA-D","DF_ANG"
"DF","DIS",312,60,"CREMA-D","DF_DIS"
"DF","FER",335,60,"CREMA-D","DF_FER"
"DF","HAP",305,60,"CREMA-D","DF_HAP"
"DF","NEU",234,60,"CREMA-D","DF_NEU"
"DF","SAD",258,60,"CREMA-D","DF_SAD"
"DG","ANG",339,60,"CREMA-D","DG_ANG"
"DG","DIS",208,60,"CREMA-D","DG_DIS"
"DG","FER",220,60,"CREMA-D","DG_FER"
"DG","HAP",247,60,"CREMA-D","DG_HAP"
"DG","NEU",203,60,"CREMA-D","DG_NEU"
"DG","SAD",157,60,"CREMA-D","DG_SAD"
"DH","ANG",365,60,"CREMA-D","DH_ANG"
"DH","DIS",219,60,"CREMA-D","DH_DIS"
"DH","FER",263,60,"CREMA-D","DH_FER"
"DH","HAP",391,60,"CREMA-D","DH_HAP"
"DH","NEU",226,60,"CREMA-D","DH_NEU"
"DH","SAD",201,60,"CREMA-D","DH_SAD"
"DI","ANG",263,60,"CREMA-D","DI_ANG"
"DI","DIS",181,60,"CREMA-D","DI_DIS"
"DI","FER",211,60,"CREMA-D","DI_FER"
"DI","HAP",355,60,"CREMA-D","DI_HAP"
"DI","NEU",201,60,"CREMA-D","DI_NEU"
"DI","SAD",200,60,"CREMA-D","DI_SAD"
"DJ","ANG",316,60,"CREMA-D","DJ_ANG"
"DJ","DIS",234,60,"CREMA-D","DJ_DIS"
"DJ","FER",193,60,"CREMA-D","DJ_FER"
"DJ","HAP",204,60,"CREMA-D","DJ_HAP"
"DJ","NEU",165,60,"CREMA-D","DJ_NEU"
"DJ","SAD",150,60,"CREMA-D","DJ_SAD"
"DK","ANG",531,60,"CREMA-D","DK_ANG"
"DK","DIS",487,60,"CREMA-D","DK_DIS"
"DK","FER",525,60,"CREMA-D","DK_FER"
"DK","HAP",693,60,"CREMA-D","DK_HAP"
"DK","NEU",376,60,"CREMA-D","DK_NEU"
"DK","SAD",373,60,"CREMA-D","DK_SAD"
"DL","ANG",345,60,"CREMA-D","DL_ANG"
"DL","DIS",246,60,"CREMA-D","DL_DIS"
"DL","FER",182,60,"CREMA-D","DL_FER"
"DL","HAP",264,60,"CREMA-D","DL_HAP"
"DL","NEU",183,60,"CREMA-D","DL_NEU"
"DL","SAD",159,60,"CREMA-D","DL_SAD"
"DM","ANG",430,60,"CREMA-D","DM_ANG"
"DM","DIS",507,60,"CREMA-D","DM_DIS"
"DM","FER",398,60,"CREMA-D","DM_FER"
"DM","HAP",387,60,"CREMA-D","DM_HAP"
"DM","NEU",319,60,"CREMA-D","DM_NEU"
"DM","SAD",321,60,"CREMA-D","DM_SAD"
"AA","ANG",508,60,"RAVDESS","AA_ANG"
"AA","CAL",206,60,"RAVDESS","AA_CAL"
"AA","DIS",450,60,"RAVDESS","AA_DIS"
"AA","FER",372,60,"RAVDESS","AA_FER"
"AA","HAP",275,60,"RAVDESS","AA_HAP"
"AA","NEU",153,60,"RAVDESS","AA_NEU"
"AA","SAD",174,60,"RAVDESS","AA_SAD"
"AA","SUR",276,60,"RAVDESS","AA_SUR"
"BB","ANG",574,100,"RAVDESS","BB_ANG"
"BB","CAL",329,100,"RAVDESS","BB_CAL"
"BB","DIS",527,100,"RAVDESS","BB_DIS"
"BB","FER",485,100,"RAVDESS","BB_FER"
"BB","HAP",465,100,"RAVDESS","BB_HAP"
"BB","NEU",541,100,"RAVDESS","BB_NEU"
"BB","SAD",369,100,"RAVDESS","BB_SAD"
"BB","SUR",626,100,"RAVDESS","BB_SUR"
"CC","ANG",456,60,"RAVDESS","CC_ANG"
"CC","CAL",315,60,"RAVDESS","CC_CAL"
"CC","DIS",327,60,"RAVDESS","CC_DIS"
"CC","FER",391,60,"RAVDESS","CC_FER"
"CC","HAP",429,60,"RAVDESS","CC_HAP"
"CC","NEU",373,60,"RAVDESS","CC_NEU"
"CC","SAD",395,60,"RAVDESS","CC_SAD"
"CC","SUR",471,60,"RAVDESS","CC_SUR"
"DD","ANG",621,100,"RAVDESS","DD_ANG"
"DD","CAL",330,100,"RAVDESS","DD_CAL"
"DD","DIS",424,100,"RAVDESS","DD_DIS"
"DD","FER",666,100,"RAVDESS","DD_FER"
"DD","HAP",553,100,"RAVDESS","DD_HAP"
"DD","NEU",360,100,"RAVDESS","DD_NEU"
"DD","SAD",755,100,"RAVDESS","DD_SAD"
"DD","SUR",782,100,"RAVDESS","DD_SUR"
"EE","ANG",552,60,"RAVDESS","EE_ANG"
"EE","CAL",179,60,"RAVDESS","EE_CAL"
"EE","DIS",288,60,"RAVDESS","EE_DIS"
"EE","FER",440,60,"RAVDESS","EE_FER"
"EE","HAP",378,60,"RAVDESS","EE_HAP"
"EE","NEU",204,60,"RAVDESS","EE_NEU"
"EE","SAD",236,60,"RAVDESS","EE_SAD"
"EE","SUR",405,60,"RAVDESS","EE_SUR"
"FF","ANG",884,100,"RAVDESS","FF_ANG"
"FF","CAL",264,100,"RAVDESS","FF_CAL"
"FF","DIS",443,100,"RAVDESS","FF_DIS"
"FF","FER",1161,100,"RAVDESS","FF_FER"
"FF","HAP",859,100,"RAVDESS","FF_HAP"
"FF","NEU",374,100,"RAVDESS","FF_NEU"
"FF","SAD",727,100,"RAVDESS","FF_SAD"
"FF","SUR",671,100,"RAVDESS","FF_SUR"
"GG","ANG",566,60,"RAVDESS","GG_ANG"
"GG","CAL",166,60,"RAVDESS","GG_CAL"
"GG","DIS",307,60,"RAVDESS","GG_DIS"
"GG","FER",449,60,"RAVDESS","GG_FER"
"GG","HAP",401,60,"RAVDESS","GG_HAP"
"GG","NEU",181,60,"RAVDESS","GG_NEU"
"GG","SAD",325,60,"RAVDESS","GG_SAD"
"GG","SUR",386,60,"RAVDESS","GG_SUR"
"HH","ANG",467,100,"RAVDESS","HH_ANG"
"HH","CAL",274,100,"RAVDESS","HH_CAL"
"HH","DIS",304,100,"RAVDESS","HH_DIS"
"HH","FER",509,100,"RAVDESS","HH_FER"
"HH","HAP",363,100,"RAVDESS","HH_HAP"
"HH","NEU",281,100,"RAVDESS","HH_NEU"
"HH","SAD",341,100,"RAVDESS","HH_SAD"
"HH","SUR",541,100,"RAVDESS","HH_SUR"
"II","ANG",637,60,"RAVDESS","II_ANG"
"II","CAL",176,60,"RAVDESS","II_CAL"
"II","DIS",148,60,"RAVDESS","II_DIS"
"II","FER",237,60,"RAVDESS","II_FER"
"II","HAP",376,60,"RAVDESS","II_HAP"
"II","NEU",238,60,"RAVDESS","II_NEU"
"II","SAD",284,60,"RAVDESS","II_SAD"
"II","SUR",176,60,"RAVDESS","II_SUR"
"JJ","ANG",477,100,"RAVDESS","JJ_ANG"
"JJ","CAL",274,100,"RAVDESS","JJ_CAL"
"JJ","DIS",395,100,"RAVDESS","JJ_DIS"
"JJ","FER",407,100,"RAVDESS","JJ_FER"
"JJ","HAP",607,100,"RAVDESS","JJ_HAP"
"JJ","NEU",292,100,"RAVDESS","JJ_NEU"
"JJ","SAD",313,100,"RAVDESS","JJ_SAD"
"JJ","SUR",438,100,"RAVDESS","JJ_SUR"
"KK","ANG",435,60,"RAVDESS","KK_ANG"
"KK","CAL",155,60,"RAVDESS","KK_CAL"
"KK","DIS",238,60,"RAVDESS","KK_DIS"
"KK","FER",369,60,"RAVDESS","KK_FER"
"KK","HAP",299,60,"RAVDESS","KK_HAP"
"KK","NEU",153,60,"RAVDESS","KK_NEU"
"KK","SAD",287,60,"RAVDESS","KK_SAD"
"KK","SUR",377,60,"RAVDESS","KK_SUR"
"LL","ANG",434,100,"RAVDESS","LL_ANG"
"LL","CAL",284,100,"RAVDESS","LL_CAL"
"LL","DIS",392,100,"RAVDESS","LL_DIS"
"LL","FER",708,100,"RAVDESS","LL_FER"
"LL","HAP",495,100,"RAVDESS","LL_HAP"
"LL","NEU",259,100,"RAVDESS","LL_NEU"
"LL","SAD",494,100,"RAVDESS","LL_SAD"
"LL","SUR",487,100,"RAVDESS","LL_SUR"
"MM","ANG",538,60,"RAVDESS","MM_ANG"
"MM","CAL",166,60,"RAVDESS","MM_CAL"
"MM","DIS",290,60,"RAVDESS","MM_DIS"
"MM","FER",380,60,"RAVDESS","MM_FER"
"MM","HAP",386,60,"RAVDESS","MM_HAP"
"MM","NEU",166,60,"RAVDESS","MM_NEU"
"MM","SAD",164,60,"RAVDESS","MM_SAD"
"MM","SUR",498,60,"RAVDESS","MM_SUR"
"NN","ANG",796,100,"RAVDESS","NN_ANG"
"NN","CAL",333,100,"RAVDESS","NN_CAL"
"NN","DIS",384,100,"RAVDESS","NN_DIS"
"NN","FER",805,100,"RAVDESS","NN_FER"
"NN","HAP",690,100,"RAVDESS","NN_HAP"
"NN","NEU",344,100,"RAVDESS","NN_NEU"
"NN","SAD",418,100,"RAVDESS","NN_SAD"
"NN","SUR",583,100,"RAVDESS","NN_SUR"
"OO","ANG",379,60,"RAVDESS","OO_ANG"
"OO","CAL",217,60,"RAVDESS","OO_CAL"
"OO","DIS",261,60,"RAVDESS","OO_DIS"
"OO","FER",279,60,"RAVDESS","OO_FER"
"OO","HAP",226,60,"RAVDESS","OO_HAP"
"OO","NEU",210,60,"RAVDESS","OO_NEU"
"OO","SAD",250,60,"RAVDESS","OO_SAD"
"OO","SUR",270,60,"RAVDESS","OO_SUR"
"PP","ANG",435,100,"RAVDESS","PP_ANG"
"PP","CAL",267,100,"RAVDESS","PP_CAL"
"PP","DIS",291,100,"RAVDESS","PP_DIS"
"PP","FER",598,100,"RAVDESS","PP_FER"
"PP","HAP",367,100,"RAVDESS","PP_HAP"
"PP","NEU",266,100,"RAVDESS","PP_NEU"
"PP","SAD",362,100,"RAVDESS","PP_SAD"
"PP","SUR",560,100,"RAVDESS","PP_SUR"
"QQ","ANG",355,60,"RAVDESS","QQ_ANG"
"QQ","CAL",157,60,"RAVDESS","QQ_CAL"
"QQ","DIS",420,60,"RAVDESS","QQ_DIS"
"QQ","FER",409,60,"RAVDESS","QQ_FER"
"QQ","HAP",404,60,"RAVDESS","QQ_HAP"
"QQ","NEU",137,60,"RAVDESS","QQ_NEU"
"QQ","SAD",193,60,"RAVDESS","QQ_SAD"
"QQ","SUR",403,60,"RAVDESS","QQ_SUR"
"RR","ANG",798,100,"RAVDESS","RR_ANG"
"RR","CAL",241,100,"RAVDESS","RR_CAL"
"RR","DIS",454,100,"RAVDESS","RR_DIS"
"RR","FER",507,100,"RAVDESS","RR_FER"
"RR","HAP",700,100,"RAVDESS","RR_HAP"
"RR","NEU",207,100,"RAVDESS","RR_NEU"
"RR","SAD",585,100,"RAVDESS","RR_SAD"
"RR","SUR",411,100,"RAVDESS","RR_SUR"
"SS","ANG",546,60,"RAVDESS","SS_ANG"
"SS","CAL",199,60,"RAVDESS","SS_CAL"
"SS","DIS",581,60,"RAVDESS","SS_DIS"
"SS","FER",651,60,"RAVDESS","SS_FER"
"SS","HAP",362,60,"RAVDESS","SS_HAP"
"SS","NEU",163,60,"RAVDESS","SS_NEU"
"SS","SAD",325,60,"RAVDESS","SS_SAD"
"SS","SUR",355,60,"RAVDESS","SS_SUR"
"TT","ANG",681,100,"RAVDESS","TT_ANG"
"TT","CAL",341,100,"RAVDESS","TT_CAL"
"TT","DIS",533,100,"RAVDESS","TT_DIS"
"TT","FER",938,100,"RAVDESS","TT_FER"
"TT","HAP",776,100,"RAVDESS","TT_HAP"
"TT","NEU",416,100,"RAVDESS","TT_NEU"
"TT","SAD",731,100,"RAVDESS","TT_SAD"
"TT","SUR",542,100,"RAVDESS","TT_SUR"
"UU","ANG",421,60,"RAVDESS","UU_ANG"
"UU","CAL",161,60,"RAVDESS","UU_CAL"
"UU","DIS",315,60,"RAVDESS","UU_DIS"
"UU","FER",210,60,"RAVDESS","UU_FER"
"UU","HAP",368,60,"RAVDESS","UU_HAP"
"UU","NEU",165,60,"RAVDESS","UU_NEU"
"UU","SAD",671,60,"RAVDESS","UU_SAD"
"UU","SUR",371,60,"RAVDESS","UU_SUR"
"VV","ANG",370,100,"RAVDESS","VV_ANG"
"VV","CAL",277,100,"RAVDESS","VV_CAL"
"VV","DIS",258,100,"RAVDESS","VV_DIS"
"VV","FER",415,100,"RAVDESS","VV_FER"
"VV","HAP",431,100,"RAVDESS","VV_HAP"
"VV","NEU",246,100,"RAVDESS","VV_NEU"
"VV","SAD",255,100,"RAVDESS","VV_SAD"
"VV","SUR",598,100,"RAVDESS","VV_SUR"
"WW","ANG",487,60,"RAVDESS","WW_ANG"
"WW","CAL",194,60,"RAVDESS","WW_CAL"
"WW","DIS",238,60,"RAVDESS","WW_DIS"
"WW","FER",230,60,"RAVDESS","WW_FER"
"WW","HAP",394,60,"RAVDESS","WW_HAP"
"WW","NEU",195,60,"RAVDESS","WW_NEU"
"WW","SAD",217,60,"RAVDESS","WW_SAD"
"WW","SUR",434,60,"RAVDESS","WW_SUR"
"XX","ANG",402,100,"RAVDESS","XX_ANG"
"XX","CAL",282,100,"RAVDESS","XX_CAL"
"XX","DIS",626,100,"RAVDESS","XX_DIS"
"XX","FER",785,100,"RAVDESS","XX_FER"
"XX","HAP",377,100,"RAVDESS","XX_HAP"
"XX","NEU",279,100,"RAVDESS","XX_NEU"
"XX","SAD",433,100,"RAVDESS","XX_SAD"
"XX","SUR",622,100,"RAVDESS","XX_SUR"
"DC","ANG",257,60,"SAVEE","DC_ANG"
"DC","DIS",244,60,"SAVEE","DC_DIS"
"DC","FER",256,60,"SAVEE","DC_FER"
"DC","HAP",321,60,"SAVEE","DC_HAP"
"DC","NEU",202,60,"SAVEE","DC_NEU"
"DC","SAD",229,60,"SAVEE","DC_SAD"
"DC","SUR",329,60,"SAVEE","DC_SUR"
"JE","ANG",284,60,"SAVEE","JE_ANG"
"JE","DIS",341,60,"SAVEE","JE_DIS"
"JE","FER",409,60,"SAVEE","JE_FER"
"JE","HAP",347,60,"SAVEE","JE_HAP"
"JE","NEU",240,60,"SAVEE","JE_NEU"
"JE","SAD",268,60,"SAVEE","JE_SAD"
"JE","SUR",411,60,"SAVEE","JE_SUR"
"JK","ANG",360,60,"SAVEE","JK_ANG"
"JK","DIS",378,60,"SAVEE","JK_DIS"
"JK","FER",456,60,"SAVEE","JK_FER"
"JK","HAP",402,60,"SAVEE","JK_HAP"
"JK","NEU",335,60,"SAVEE","JK_NEU"
"JK","SAD",268,60,"SAVEE","JK_SAD"
"JK","SUR",510,60,"SAVEE","JK_SUR"
"KL","ANG",318,60,"SAVEE","KL_ANG"
"KL","DIS",300,60,"SAVEE","KL_DIS"
"KL","FER",298,60,"SAVEE","KL_FER"
"KL","HAP",334,60,"SAVEE","KL_HAP"
"KL","NEU",305,60,"SAVEE","KL_NEU"
"KL","SAD",293,60,"SAVEE","KL_SAD"
"KL","SUR",355,60,"SAVEE","KL_SUR"
"OA","ANG",388,100,"TESS","OA_ANG"
"OA","DIS",389,100,"TESS","OA_DIS"
"OA","FER",393,100,"TESS","OA_FER"
"OA","HAP",388,100,"TESS","OA_HAP"
"OA","NEU",390,100,"TESS","OA_NEU"
"OA","SAD",385,100,"TESS","OA_SAD"
"OA","SUR",398,100,"TESS","OA_SUR"
"YA","ANG",497,100,"TESS","YA_ANG"
"YA","DIS",504,100,"TESS","YA_DIS"
"YA","FER",494,100,"TESS","YA_FER"
"YA","HAP",497,100,"TESS","YA_HAP"
"YA","NEU",492,100,"TESS","YA_NEU"
"YA","SAD",507,100,"TESS","YA_SAD"
"YA","SUR",504,100,"TESS","YA_SUR"
